Id,Date,AvgHR,MinHR,MaxHR,Readings
2022484408,2016-04-12,75.8,52,134,4836
2022484408,2016-04-13,80.3,51,156,5332
2022484408,2016-04-14,72.6,50,127,5560
2022484408,2016-04-15,80.4,53,189,5302
2022484408,2016-04-16,76.0,49,136,3143
2022484408,2016-04-17,83.9,52,161,4948
2022484408,2016-04-18,82.7,54,153,5589
2022484408,2016-04-19,82.0,54,162,4500
2022484408,2016-04-20,83.4,50,166,6040
2022484408,2016-04-21,86.4,53,203,5544
2022484408,2016-04-22,80.1,52,153,5636
2022484408,2016-04-23,71.8,50,109,4178
2022484408,2016-04-24,82.4,53,163,4209
2022484408,2016-04-25,82.6,49,159,3812
2022484408,2016-04-26,83.3,51,154,5586
2022484408,2016-04-27,80.9,38,145,4441
2022484408,2016-04-28,71.3,51,114,5561
2022484408,2016-04-29,83.4,50,134,4832
2022484408,2016-04-30,77.5,51,123,5486
2022484408,2016-05-01,73.5,44,118,4482
2022484408,2016-05-02,77.2,50,137,7814
2022484408,2016-05-03,83.0,51,169,5708
2022484408,2016-05-04,82.8,54,159,6225
2022484408,2016-05-05,80.7,55,156,6749
2022484408,2016-05-06,81.7,60,118,5358
2022484408,2016-05-07,76.1,52,128,2596
2022484408,2016-05-08,77.0,53,127,1720
2022484408,2016-05-09,81.5,51,133,6249
2022484408,2016-05-10,86.6,57,166,4894
2022484408,2016-05-11,83.5,55,138,4247
2022484408,2016-05-12,81.4,55,152,3527
2026352035,2016-04-17,68.7,63,80,192
2026352035,2016-04-25,99.5,70,125,516
2026352035,2016-05-02,84.1,70,122,431
2026352035,2016-05-09,98.2,70,123,1351
2347167796,2016-04-12,86.1,57,172,6753
2347167796,2016-04-13,73.8,55,158,9268
2347167796,2016-04-14,72.6,52,154,9153
2347167796,2016-04-15,75.7,55,136,9557
2347167796,2016-04-16,96.6,58,168,9035
2347167796,2016-04-17,75.4,55,134,8990
2347167796,2016-04-18,71.2,53,134,9339
2347167796,2016-04-19,81.3,53,195,7824
2347167796,2016-04-20,78.2,53,161,7156
2347167796,2016-04-21,73.4,51,171,9289
2347167796,2016-04-22,72.0,53,165,9172
2347167796,2016-04-23,83.4,53,157,9543
2347167796,2016-04-24,77.6,54,127,8832
2347167796,2016-04-25,73.9,53,160,9528
2347167796,2016-04-26,71.7,49,122,9023
2347167796,2016-04-27,75.2,51,144,8842
2347167796,2016-04-28,73.4,55,138,9015
2347167796,2016-04-29,62.9,54,85,2364
4020332650,2016-04-12,83.5,49,133,33963
4020332650,2016-04-14,90.7,65,133,1448
4020332650,2016-04-15,92.9,51,191,10947
4020332650,2016-04-16,100.9,62,143,8523
4020332650,2016-04-17,98.8,66,116,69
4020332650,2016-05-02,90.3,66,123,5566
4020332650,2016-05-03,77.9,52,127,35580
4020332650,2016-05-04,83.5,49,147,37357
4020332650,2016-05-05,85.6,49,126,21507
4020332650,2016-05-06,75.6,50,116,25859
4020332650,2016-05-07,89.1,64,117,16695
4020332650,2016-05-08,78.0,51,131,33998
4020332650,2016-05-09,86.7,55,155,15180
4020332650,2016-05-10,72.6,46,142,29101
4020332650,2016-05-11,91.2,64,133,8626
4020332650,2016-05-12,94.3,70,125,1042
4388161847,2016-04-13,67.0,45,130,8208
4388161847,2016-04-14,68.4,48,132,7392
4388161847,2016-04-15,67.5,44,127,9205
4388161847,2016-04-16,75.5,56,142,8970
4388161847,2016-04-17,66.4,49,113,8550
4388161847,2016-04-18,81.5,50,176,8051
4388161847,2016-04-19,65.5,46,136,9274
4388161847,2016-04-20,65.4,46,149,9216
4388161847,2016-04-21,63.1,42,146,7907
4388161847,2016-04-22,73.3,49,149,7298
4388161847,2016-04-23,67.1,44,158,9326
4388161847,2016-04-24,62.1,44,139,8663
4388161847,2016-04-25,67.5,45,150,7759
4388161847,2016-04-26,62.5,42,128,9229
4388161847,2016-04-27,62.1,42,153,9351
4388161847,2016-04-28,62.3,41,131,7786
4388161847,2016-04-29,66.1,44,133,7489
4388161847,2016-04-30,64.2,45,113,9302
4388161847,2016-05-01,60.0,39,105,8837
4388161847,2016-05-02,66.4,43,180,8216
4388161847,2016-05-03,66.6,44,135,7740
4388161847,2016-05-04,61.9,42,126,9172
4388161847,2016-05-05,61.0,42,123,7797
4388161847,2016-05-06,69.1,47,151,8188
4388161847,2016-05-07,66.6,41,153,9609
4388161847,2016-05-08,76.8,43,171,9241
4388161847,2016-05-09,64.1,44,140,7425
4388161847,2016-05-10,61.2,41,121,9285
4388161847,2016-05-11,60.0,40,125,8026
4388161847,2016-05-12,60.2,44,136,3236
4558609924,2016-04-12,76.6,57,104,5973
4558609924,2016-04-13,85.1,64,144,2643
4558609924,2016-04-14,81.6,56,108,5331
4558609924,2016-04-15,90.9,58,146,8102
4558609924,2016-04-16,76.3,55,135,6881
4558609924,2016-04-17,83.2,57,136,6141
4558609924,2016-04-18,80.5,55,141,6219
4558609924,2016-04-19,83.1,61,132,4438
4558609924,2016-04-20,76.9,57,110,5135
4558609924,2016-04-21,85.7,54,121,7867
4558609924,2016-04-22,82.6,57,140,6277
4558609924,2016-04-23,85.9,60,133,6342
4558609924,2016-04-24,84.0,58,121,6533
4558609924,2016-04-25,82.5,55,163,6750
4558609924,2016-04-26,91.3,59,148,7409
4558609924,2016-04-27,84.6,60,122,6494
4558609924,2016-04-28,85.6,59,133,7678
4558609924,2016-04-29,80.6,53,139,6943
4558609924,2016-04-30,79.2,53,134,8817
4558609924,2016-05-01,70.8,53,127,5231
4558609924,2016-05-02,78.7,55,108,6589
4558609924,2016-05-03,82.5,52,148,7355
4558609924,2016-05-04,76.8,54,127,5604
4558609924,2016-05-05,81.9,48,130,6702
4558609924,2016-05-06,71.9,51,110,5429
4558609924,2016-05-07,76.2,54,116,5431
4558609924,2016-05-08,104.9,45,199,4606
4558609924,2016-05-09,79.4,54,110,6643
4558609924,2016-05-10,75.8,50,147,6322
4558609924,2016-05-11,74.9,44,138,6441
4558609924,2016-05-12,79.7,54,117,3842
5553957443,2016-04-12,64.4,50,106,8370
5553957443,2016-04-13,61.5,47,95,8051
5553957443,2016-04-14,72.6,51,133,9922
5553957443,2016-04-15,69.0,50,123,9135
5553957443,2016-04-16,66.0,50,116,8238
5553957443,2016-04-17,59.4,49,84,1437
5553957443,2016-04-18,65.4,53,91,7963
5553957443,2016-04-19,74.9,49,128,10572
5553957443,2016-04-20,60.0,48,84,8239
5553957443,2016-04-21,71.3,49,127,8951
5553957443,2016-04-22,70.4,51,128,9088
5553957443,2016-04-23,67.1,52,94,8275
5553957443,2016-04-24,64.0,50,92,7857
5553957443,2016-04-25,72.0,52,132,9165
5553957443,2016-04-26,73.0,53,128,8923
5553957443,2016-04-27,65.1,49,104,8705
5553957443,2016-04-28,71.1,51,149,9114
5553957443,2016-04-29,73.1,50,156,11959
5553957443,2016-04-30,65.8,49,89,8018
5553957443,2016-05-01,66.5,49,116,7664
5553957443,2016-05-02,72.6,50,125,9751
5553957443,2016-05-03,70.0,50,134,9365
5553957443,2016-05-04,61.7,47,108,8459
5553957443,2016-05-05,69.4,49,165,9596
5553957443,2016-05-06,63.2,51,104,7143
5553957443,2016-05-07,63.0,51,140,2496
5553957443,2016-05-08,65.6,51,110,8317
5553957443,2016-05-09,76.7,51,149,10059
5553957443,2016-05-10,76.8,53,133,10173
5553957443,2016-05-11,65.4,54,103,7860
5553957443,2016-05-12,64.2,54,107,2309
5577150313,2016-04-12,65.7,41,154,8685
5577150313,2016-04-13,59.7,44,121,3829
5577150313,2016-04-14,76.8,43,172,9806
5577150313,2016-04-15,73.7,39,157,17001
5577150313,2016-04-16,69.8,43,136,29330
5577150313,2016-04-17,71.1,40,174,8950
5577150313,2016-04-18,68.6,41,165,8629
5577150313,2016-04-19,70.5,42,159,8667
5577150313,2016-04-20,69.2,45,135,6535
5577150313,2016-04-21,72.3,43,168,10106
5577150313,2016-04-22,64.6,43,132,8361
5577150313,2016-04-23,65.1,40,171,8519
5577150313,2016-04-24,72.3,40,131,8338
5577150313,2016-04-25,67.5,43,125,8877
5577150313,2016-04-26,65.4,40,122,8764
5577150313,2016-04-27,66.4,42,130,8756
5577150313,2016-04-28,70.7,40,171,9062
5577150313,2016-04-29,66.3,42,141,8712
5577150313,2016-04-30,71.6,41,138,9037
5577150313,2016-05-01,73.7,44,140,8923
5577150313,2016-05-02,64.6,43,128,4120
5577150313,2016-05-03,70.0,42,154,8690
5577150313,2016-05-04,62.2,36,143,8195
5577150313,2016-05-05,72.2,50,141,4934
5577150313,2016-05-06,70.5,48,134,3714
5577150313,2016-05-09,68.0,51,130,4373
5577150313,2016-05-10,75.3,42,172,11173
5577150313,2016-05-11,67.0,45,173,4474
6117666160,2016-04-15,97.9,57,137,5443
6117666160,2016-04-16,87.0,54,155,9688
6117666160,2016-04-17,85.4,59,130,5824
6117666160,2016-04-18,82.9,61,116,4125
6117666160,2016-04-19,83.5,53,124,9169
6117666160,2016-04-20,85.5,52,181,9182
6117666160,2016-04-21,79.4,52,154,7416
6117666160,2016-04-22,81.7,53,139,9012
6117666160,2016-04-23,81.8,54,121,9450
6117666160,2016-04-24,84.2,55,129,5331
6117666160,2016-04-26,90.6,60,136,6372
6117666160,2016-04-27,83.1,52,126,9172
6117666160,2016-04-28,80.1,54,145,8044
6117666160,2016-04-29,82.2,55,121,9180
6117666160,2016-04-30,85.3,53,189,5683
6117666160,2016-05-01,77.4,55,114,4946
6117666160,2016-05-02,91.7,61,123,2529
6117666160,2016-05-04,92.9,62,124,2270
6117666160,2016-05-05,84.7,52,120,9413
6117666160,2016-05-06,76.6,54,126,3483
6117666160,2016-05-07,83.9,54,126,9044
6117666160,2016-05-08,81.1,52,118,9173
6117666160,2016-05-09,76.5,52,113,4950
6775888955,2016-04-13,82.7,55,135,4371
6775888955,2016-04-14,79.3,57,134,6099
6775888955,2016-04-15,80.6,62,126,3455
6775888955,2016-04-16,108.6,70,143,589
6775888955,2016-04-17,102.4,70,118,469
6775888955,2016-04-18,97.7,66,177,2549
6775888955,2016-04-19,99.5,66,177,26
6775888955,2016-04-20,105.6,70,155,4389
6775888955,2016-04-22,90.9,66,123,340
6775888955,2016-04-24,109.8,70,140,347
6775888955,2016-04-25,94.7,58,131,1805
6775888955,2016-04-26,99.7,56,143,1651
6775888955,2016-04-28,104.7,70,134,309
6775888955,2016-04-29,81.8,70,109,19
6775888955,2016-04-30,96.1,68,125,1811
6775888955,2016-05-01,107.1,70,129,1085
6775888955,2016-05-06,98.9,71,135,2330
6775888955,2016-05-07,94.2,70,118,1127
6962181067,2016-04-12,85.0,47,176,9196
6962181067,2016-04-13,80.5,59,149,8266
6962181067,2016-04-14,70.1,55,131,8089
6962181067,2016-04-15,73.0,54,115,8355
6962181067,2016-04-16,82.0,55,142,9880
6962181067,2016-04-17,76.7,58,139,8265
6962181067,2016-04-18,76.9,55,134,7963
6962181067,2016-04-19,77.4,58,135,8612
6962181067,2016-04-20,74.9,50,137,8884
6962181067,2016-04-21,83.5,49,173,9147
6962181067,2016-04-22,79.1,55,169,9065
6962181067,2016-04-23,84.6,52,152,9856
6962181067,2016-04-24,68.8,49,114,8643
6962181067,2016-04-25,74.0,51,142,9093
6962181067,2016-04-26,77.1,51,140,8917
6962181067,2016-04-27,73.0,53,142,8595
6962181067,2016-04-28,82.1,54,174,8928
6962181067,2016-04-29,81.0,56,141,9101
6962181067,2016-04-30,80.2,53,141,8496
6962181067,2016-05-01,73.3,56,127,8096
6962181067,2016-05-02,79.7,56,140,9518
6962181067,2016-05-03,75.4,53,157,8757
6962181067,2016-05-04,79.5,55,174,9170
6962181067,2016-05-05,76.6,54,128,7761
6962181067,2016-05-06,72.3,52,114,9026
6962181067,2016-05-07,77.0,57,125,8543
6962181067,2016-05-08,75.0,54,116,7235
6962181067,2016-05-09,77.0,56,181,8566
6962181067,2016-05-10,83.3,57,184,9066
6962181067,2016-05-11,79.3,53,145,9114
6962181067,2016-05-12,75.7,60,117,4123
7007744171,2016-04-12,96.4,70,151,5506
7007744171,2016-04-13,93.0,70,144,5936
7007744171,2016-04-14,92.3,54,132,5982
7007744171,2016-04-15,84.8,60,128,4249
7007744171,2016-04-16,80.0,61,129,5640
7007744171,2016-04-17,86.0,63,127,5369
7007744171,2016-04-18,93.2,65,139,6137
7007744171,2016-04-19,94.4,67,138,5737
7007744171,2016-04-20,96.8,70,151,5886
7007744171,2016-04-21,92.2,64,136,5820
7007744171,2016-04-22,93.9,57,156,5825
7007744171,2016-04-23,93.3,66,135,3034
7007744171,2016-04-24,95.2,66,122,4138
7007744171,2016-04-25,94.6,60,137,6193
7007744171,2016-04-26,90.7,63,143,7129
7007744171,2016-04-27,95.2,71,137,5761
7007744171,2016-04-28,89.5,58,152,6310
7007744171,2016-04-29,93.9,63,145,6555
7007744171,2016-04-30,80.3,61,124,5225
7007744171,2016-05-01,85.0,57,128,4655
7007744171,2016-05-02,86.1,58,147,5761
7007744171,2016-05-03,93.4,65,138,6039
7007744171,2016-05-05,97.9,70,133,4825
7007744171,2016-05-06,87.2,62,166,5880
8792009665,2016-04-12,68.9,48,135,7587
8792009665,2016-04-13,68.5,43,121,8044
8792009665,2016-04-14,69.1,46,124,7461
8792009665,2016-04-15,66.9,49,116,3605
8792009665,2016-04-20,69.6,44,120,7765
8792009665,2016-04-21,80.8,66,108,184
8792009665,2016-04-22,70.3,44,131,8429
8792009665,2016-04-23,77.8,48,141,9095
8792009665,2016-04-24,76.0,55,120,673
8792009665,2016-04-26,69.8,54,114,5348
8792009665,2016-04-27,68.8,43,132,8406
8792009665,2016-04-28,76.7,44,134,9374
8792009665,2016-04-29,80.9,48,158,8907
8792009665,2016-04-30,81.5,48,132,9022
8792009665,2016-05-01,67.8,43,123,8613
8792009665,2016-05-02,67.4,45,129,8217
8792009665,2016-05-03,74.4,45,119,8496
8792009665,2016-05-04,75.0,51,114,3615
8877689391,2016-04-12,86.5,47,164,8280
8877689391,2016-04-13,84.7,50,160,8577
8877689391,2016-04-14,85.3,50,169,8096
8877689391,2016-04-15,91.9,48,165,9743
8877689391,2016-04-16,92.1,54,172,8431
8877689391,2016-04-17,87.9,51,167,8071
8877689391,2016-04-18,66.0,48,139,6542
8877689391,2016-04-19,86.6,49,178,7877
8877689391,2016-04-20,85.5,51,173,7807
8877689391,2016-04-21,87.1,53,170,7582
8877689391,2016-04-22,82.8,47,163,7885
8877689391,2016-04-23,93.9,53,165,9225
8877689391,2016-04-24,87.3,51,171,7100
8877689391,2016-04-25,89.8,49,176,9312
8877689391,2016-04-26,67.6,49,125,7066
8877689391,2016-04-27,84.8,46,163,7991
8877689391,2016-04-28,66.8,47,153,6847
8877689391,2016-04-29,64.5,47,131,6974
8877689391,2016-04-30,102.2,49,170,8066
8877689391,2016-05-01,70.7,48,145,5983
8877689391,2016-05-02,65.9,47,108,2928
8877689391,2016-05-03,67.5,48,150,7133
8877689391,2016-05-04,88.4,56,168,7191
8877689391,2016-05-05,72.9,53,142,6092
8877689391,2016-05-06,92.8,47,177,7662
8877689391,2016-05-07,101.0,56,166,8699
8877689391,2016-05-08,72.6,54,137,6403
8877689391,2016-05-09,89.6,51,176,7612
8877689391,2016-05-10,71.5,50,141,6242
8877689391,2016-05-11,89.1,48,180,7913
8877689391,2016-05-12,71.1,53,122,3511
